12as,ASP 46 A,ARG 100 A,GLN 116 A
1a2f,ARG 48 A,HIS 52 A,ASN 82 A
1afr,TRP 62 A,HIS 146 A,THR 199 A,ASP 228 A
1ah3,ASP 43 A,TYR 48 A,LYS 77 A,HIS 110 A
1ahy,TRP 140 A,ASP 222 A
1ajo,GLU 193 A,ASP 195 A,GLU 197 A
1ajz,ASN 22 A,ARG 63 A,ARG 255 A
1ak9,ASP 32 A,HIS 64 A,SER 221 A
1ako,ASN 7 A,ASP 151 A,ASN 153 A,ASP 229 A,HIS 259 A
1aur,LEU 23 A,SER 114 A,GLN 115 A,ASP 168 A,HIS 199 A
1aw5,ASP 131 A,SER 179 A,LYS 210 A,LYS 263 A
1b0p,THR 31 A,GLU 64 A,ARG 114 A,ASN 996 A
1b73,ASP 7 A,SER 8 A,CYS 70 A,CYS 178 A
1bgg,GLU 166 A,ASN 294 A,GLU 352 A
1bk7,HIS 34 A,GLU 84 A,HIS 88 A
1bwr,SER 47 A,GLY 74 A,ASN 104 A,ASP 192 A,HIS 195 A
1c1h,HIS 183 A,HIS 262 A,GLU 264 A
1cg4,ASP 13 A,HIS 41 A,GLN 224 A
1chd,SER 164 A,THR 165 A,HIS 190 A,MET 283 A,ASP 286 A
1cjw,SER 97 A,LEU 111 A,HIS 122 A,LEU 124 A,TYR 168 A
1csc,HIS 274 A,HIS 320 A,ASP 375 A
1csi,HIS 274 A,HIS 320 A,ASP 375 A
1cy8,GLU 9 A,ASP 111 A,TYR 319 A,HIS 365 A
1daa,LYS 145 A,GLU 177 A,LEU 201 A
1dah,THR 11 A,LYS 15 A,LYS 37 A,SER 41 A
1dd8,CYS 163 A,HIS 298 A,LYS 328 A,HIS 333 A,PHE 390 A,PHE 392 A
1de5,LYS 236 A,HIS 270 A,ASP 302 A
1dg9,CYS 12 A,CYS 17 A,ARG 18 A,ASP 129 A
1dj9,HIS 133 A,GLU 175 A,ASP 204 A,LYS 236 A
1djq,TYR 169 A,HIS 172 A,ASP 267 A
1dlu,CYS 89 A,HIS 348 A,CYS 378 A,GLY 380 A
1dvj,ASP 70 A,LYS 72 A
1ecg,CYS 1 A,ASN 101 A,GLY 102 A
1edd,ASP 124 A,ASP 260 A,HIS 289 A
1ei9,MET 41 A,SER 115 A,GLN 116 A,ASP 233 A,HIS 289 A
1f17,SER 137 A,HIS 158 A,ASN 208 A
1f6d,ASP 95 A,GLU 117 A,GLU 131 A,HIS 213 A
1fm7,THR 48 A,TYR 106 A,ASN 113 A,THR 190 A
1foh,ASP 54 A,ARG 281 A,TYR 289 A
1fp8,ASP 293 A,GLU 340 A,ASP 395 A
1ftq,LYS 568 A,ARG 569 A,LYS 574 A,THR 676 A
1g9r,ASP 130 A,ASN 153 A,GLN 189 A
1ga8,ASP 130 A,ASN 153 A,GLN 189 A
1ghr,GLU 232 A,GLU 280 A,LYS 283 A,GLU 288 A
1gpi,GLU 207 A,ASP 209 A,GLU 212 A,HIS 223 A
1gpk,SER 200 A,GLU 327 A,HIS 440 A
1gy0,SER 147 A,GLU 159 A,ARG 184 A,GLU 189 A
1h16,TRP 333 A,CYS 418 A,CYS 419 A,GLY 734 A
1h1y,HIS 36 A,ASP 38 A,HIS 69 A,ASP 178 A
1h2x,SER 554 A,ASP 641 A,HIS 680 A
1hl2,TYR 137 A,ARG 142 A,LYS 165 A
1i1e,GLU 267 A,ARG 369 A,TYR 372 A
1iov,GLU 15 A,SER 150 A,TYR 216 A,ARG 255 A,GLY 276 A
1j96,ASP 50 A,TYR 55 A,LYS 84 A,HIS 117 A
1kcw,HIS 1020 A,CYS 1021 A,HIS 1022 A
1kdn,LYS 16 A,ASN 119 A
1kfw,ASP 190 A,GLU 192 A,TYR 271 A
1kkt,GLU 122 A,ARG 126 A,ASP 267 A,GLU 409 A
1ko0,LYS 54 A,HIS 191 A,GLU 268 A
1kuv,SER 97 A,LEU 111 A,HIS 122 A,LEU 124 A,TYR 168 A
1l1n,HIS 40 A,GLU 71 A,GLY 145 A,CYS 147 A
1lcp,ASP 255 A,LYS 262 A,ARG 336 A
1lt3,ARG 7 A,SER 61 A,GLU 110 A,GLU 112 A
1mbb,ARG 159 A,SER 229 A,GLU 325 A
1mqf,HIS 54 A,SER 93 A,ASN 127 A
1n68,HIS 499 A,CYS 500 A,HIS 501 A
1n7n,ASN 349 A,HIS 399 A,TYR 408 A
1n8p,TYR 103 A,ASP 178 A,LYS 203 A
1ndw,GLU 217 A,HIS 238 A,TYR 240 A,ASP 295 A
1njs,ASN 106 A,HIS 108 A,THR 135 A,ASP 144 A
1npx,HIS 10 A,SER 41 A,ARG 303 A
1nwc,CYS 136 A,GLN 163 A,HIS 277 A
1nyy,SER 70 A,LYS 73 A,SER 130 A,GLU 166 A
1o2u,HIS 57 A,ASP 102 A
1oc6,TYR 174 A,ARG 179 A,ASP 180 A,ASP 226 A
1od1,ASP 35 A,SER 38 A,ASP 219 A,THR 222 A
1opm,HIS 108 A,GLN 170 A,HIS 242 A
1orv,SER 630 A,ASP 708 A,HIS 740 A
1os1,HIS 232 A,LYS 254 A,ARG 333 A
1oyc,HIS 191 A,ASN 194 A,TYR 196 A
1p7t,ASP 270 A,GLU 272 A,ARG 338 A,ASP 631 A
1pfk,GLY 11 A,ARG 72 A,THR 125 A,ASP 127 A,ARG 171 A
1pjb,LYS 74 A,HIS 95 A,GLU 117 A,ASP 269 A
1pno,TYR 316 A,ARG 351 A,TYR 432 A
1pow,ARG 264 A,PHE 479 A,GLU 483 A
1pzp,SER 70 A,LYS 73 A,SER 130 A,GLU 166 A
1q2o,CYS 186 A,ARG 189 A,TRP 358 A,GLU 363 A
1qfe,GLU 86 A,HIS 143 A,LYS 170 A
1qgy,SER 80 A,CYS 261 A,GLU 301 A
1qj5,TYR 144 A,ASP 245 A,LYS 274 A
1ql0,ARG 87 A,HIS 89 A,ASN 119 A
1qnf,TRP 314 A,TRP 367 A,TRP 390 A
1qnt,ASN 137 A,CYS 145 A,HIS 146 A,GLU 172 A
1qtq,GLU 34 A,ARG 260 A,LYS 270 A
1que,SER 80 A,CYS 261 A,GLU 301 A
1sry,ARG 256 A,GLU 258 A,SER 261 A,ASP 265 A,ARG 271 A
1uou,HIS 116 A,ARG 202 A,LYS 221 A
1vas,THR 2 A,ARG 22 A,GLN 23 A,ARG 26 A
1xic,LYS 183 A,HIS 220 A,ASP 255 A
2ald,ASP 33 A,GLU 187 A,LYS 229 A
2dnj,GLU 78 A,HIS 134 A,ASP 212 A,HIS 252 A
2f3g,THR 73 A,HIS 75 A,HIS 90 A,GLY 92 A
2had,ASP 124 A,ASP 260 A,HIS 289 A
2pth,ASN 10 A,HIS 20 A,ASP 93 A
2tps,ARG 59 A,SER 130 A,LYS 159 A
2uag,LYS 115 A,ASN 138 A,HIS 183 A
3cox,GLU 361 A,HIS 447 A,ASN 485 A
3csm,ARG 16 A,ARG 157 A,LYS 168 A,GLU 246 A
3fit,GLN 83 A,HIS 94 A,HIS 96 A
3lip,SER 87 A,ASP 264 A,HIS 286 A
4hoh,HIS 40 A,GLU 58 A,HIS 92 A
4pfk,GLY 11 A,ARG 72 A,THR 125 A,ASP 127 A,ARG 171 A
5mdh,ASP 158 A,ARG 161 A,HIS 186 A
5rsa,HIS 12 A,LYS 41 A,HIS 119 A
5yas,THR 11 A,SER 80 A,ASP 207 A,HIS 235 A
6enl,GLU 168 A,GLU 211 A,HIS 373 A,LYS 396 A
12as,ASP 46 A,ARG 100 A,GLN 116 A
132l,GLU 35 A,ASP 52 A
135l,GLU 35 A,ASP 52 A
1a0j,HIS 57 A,ASP 102 A,SER 195 A
1a4s,ASN 166 A,GLU 263 A,CYS 297 A
1a50,HIS 86 B,LYS 87 B,LYS 167 B,ASP 305 B
1a65,HIS 451 A,CYS 452 A,HIS 453 A
1a69,ASP 204 A,ARG 217 A
1a7u,PHE 32 A,SER 98 A,MET 99 A,ASP 228 A,HIS 257 A
1a8q,TRP 28 A,SER 94 A,MET 95 A,ASP 223 A,HIS 252 A
1a8s,TRP 28 A,SER 94 A,THR 95 A,ASP 224 A,HIS 253 A
1a95,ASP 88 A,ASP 89 A,ASP 92 A,LYS 115 A
1aam,TRP 142 A,ASP 223 A,LYS 258 A
1abr,GLU 164 A,ARG 167 A
1afr,TRP 62 A,HIS 146 A,THR 199 A,ASP 228 A
1afw,CYS 125 A,HIS 375 A,CYS 403 A,GLY 405 A
1aj0,ASN 22 A,ARG 63 A,ARG 255 A
1aj8,HIS 223 A,HIS 262 A,ASP 312 A
1akd,ASP 251 A,THR 252 A
1akm,ARG 106 A,HIS 133 A,GLN 136 A,ASP 231 A,CYS 273 A,ARG 319 A
1ako,ASN 7 A,ASP 151 A,ASN 153 A,ASP 229 A,HIS 259 A
1ald,ASP 33 A,GLU 187 A,LYS 229 A
1alk,SER 102 A,ARG 166 A
1am2,SER 1 A,THR 72 A,ASN 74 A,HIS 75 A,HIS 197 A,ASN 198 A
1am5,ASP 32 A,SER 35 A,ASP 215 A,THR 218 A
1amy,ASP 179 A,GLU 204 A
1apt,ASP 33 E,SER 36 E,ASP 213 E,THR 216 E
1apx,ARG 38 A,HIS 42 A,ASN 71 A
1aq0,GLU 232 A,GLU 280 A,LYS 283 A,GLU 288 A
1aq2,HIS 232 A,LYS 254 A,ARG 333 A
1aql,GLY 107 A,ALA 108 A,SER 194 A,ALA 195 A,ASP 320 A,HIS 435 A
1arz,HIS 159 A,LYS 163 A
1aui,ASP 121 A,HIS 151 A
1auo,LEU 23 A,SER 114 A,GLN 115 A,ASP 168 A,HIS 199 A
1ay4,TRP 140 A,ASP 222 A,LYS 258 A
1azw,SER 110 A,ASP 266 A,HIS 294 A
1azy,HIS 85 A,ARG 171 A,LYS 190 A
1b02,CYS 161 A,ASN 192 A,GLN 195 A
1b2m,HIS 40 A,GLU 58 A,HIS 92 A
1b5d,GLU 60 A,CYS 148 A,ASP 179 A
1b65,TYR 146 A,ASN 218 A,SER 250 A,SER 288 A,GLY 289 A
1b6g,ASP 124 A,ASP 260 A,HIS 289 A
1b6t,HIS 18 A,ARG 91 A,SER 129 A
1b73,ASP 7 A,SER 8 A,CYS 70 A,CYS 178 A
1b8g,TYR 145 A,ASP 230 A,LYS 273 A
1b93,HIS 19 A,GLY 66 A,ASP 71 A,ASP 91 A,HIS 98 A,ASP 101 A
1bbs,ASP 32 A,SER 35 A,ASP 215 A
1be1,ASP 14 A,HIS 16 A
1bf2,ASP 375 A,GLU 435 A,ASP 510 A
1bg0,ARG 126 A,GLU 225 A,ARG 229 A,ARG 280 A,ARG 309 A
1bg6,HIS 202 A,ASP 297 A
1bhg,GLU 451 A,TYR 504 A,GLU 540 A
1bmt,ASP 757 A,HIS 759 A,SER 810 A
1bol,HIS 46 A,GLU 105 A,HIS 109 A
1boo,SER 53 A,PRO 54 A,ASP 96 A
1bp2,GLY 30 A,HIS 48 A,ASP 99 A
1bqc,ASN 127 A,GLU 128 A,HIS 196 A,TYR 198 A,GLU 225 A
1brm,CYS 135 A,GLN 162 A,HIS 274 A
1bs0,HIS 133 A,GLU 175 A,ASP 204 A,LYS 236 A
1bs9,THR 13 A,SER 90 A,GLN 91 A,ASP 175 A,HIS 187 A
1bsj,GLY 45 A,GLN 50 A,LEU 91 A,GLU 133 A
1btl,SER 70 A,LYS 73 A,SER 130 A,GLU 166 A
1bvv,GLU 78 A,GLU 172 A
1bwd,ASP 108 A,ARG 127 A,ASP 179 A,HIS 227 A,ASP 229 A,HIS 331 A,CYS 332 A
1bwz,CYS 73 A,HIS 159 A,GLU 208 A,CYS 217 A
1bzc,ASP 181 A,CYS 215 A,ARG 221 A,SER 222 A
1c2t,ASN 106 A,HIS 108 A,SER 135 A,ASP 144 A
1c4x,SER 110 A,ASP 235 A,HIS 263 A
1c82,ASN 349 A,HIS 399 A,TYR 408 A
1c9u,HIS 144 A,ASP 163 A
1ca3,GLU 106 A,THR 199 A
1cb8,HIS 225 A,TYR 234 A,ARG 288 A
1cbg,GLU 183 A,ASN 324 A,GLU 397 A
1cd5,ASP 72 A,ASP 141 A,HIS 143 A,GLU 148 A
1cde,ASN 106 A,HIS 108 A,ASP 144 A
1cdg,ARG 227 A,ASP 229 A,GLU 257 A,HIS 327 A,ASP 328 A
1cel,GLU 212 A,ASP 214 A,GLU 217 A,HIS 228 A
1cf2,CYS 140 O,HIS 219 O
1cg2,HIS 112 A,ASP 141 A,GLU 175 A,GLU 176 A,GLU 200 A,HIS 385 A
1cgk,CYS 164 A,PHE 215 A,HIS 303 A,ASN 336 A
1chd,SER 164 A,THR 165 A,HIS 190 A,MET 283 A,ASP 286 A
1ci8,SER 75 A,LYS 78 A,TYR 181 A,TRP 348 A,VAL 351 A
1cms,ASP 34 A,THR 35 A,ASP 216 A,THR 217 A
1cns,GLU 67 A,GLU 89 A,SER 120 A
1coy,GLU 361 A,HIS 447 A,ASN 485 A
1cqg,CYS 32 A,ALA 35 A
1cqq,HIS 40 A,GLU 71 A,GLY 145 A,CYS 147 A
1ct9,ALA 1 A,ASN 74 A,GLY 75 A
1ctn,ASP 313 A,GLU 315 A,TYR 390 A
1cv2,ASP 108 A,TRP 109 A,GLU 132 A,HIS 272 A
1cvr,GLU 152 A,HIS 211 A,GLY 212 A,CYS 244 A
1cwy,ASP 293 A,GLU 340 A,ASP 395 A
1d1q,ALA 13 A,ARG 19 A,SER 20 A,ASP 132 A
1d2t,HIS 150 A,ARG 183 A,HIS 189 A,ASP 193 A
1d4c,HIS 364 A,ARG 401 A,HIS 503 A,ARG 544 A
1d5r,ASP 92 A,CYS 124 A,ARG 130 A
1d6m,GLU 7 A,LYS 8 A,TYR 328 A,ARG 330 A
1d6o,ASP 37 A,ILE 56 A,TYR 82 A
1d7r,TRP 138 A,ASP 243 A,LYS 272 A
1d8c,ASP 270 A,GLU 272 A,ARG 338 A,ASP 631 A
1d8h,ARG 393 A,GLU 433 A,LYS 456 A,ARG 458 A
1daa,LYS 145 A,GLU 177 A,LEU 201 A
1dae,THR 11 A,LYS 15 A,LYS 37 A,SER 41 A
1db3,THR 132 A,GLU 134 A,TYR 156 A,LYS 160 A
1dbt,ASP 60 A,LYS 62 A
1dd8,CYS 163 A,HIS 298 A,LYS 328 A,HIS 333 A,PHE 390 A,PHE 392 A
1de3,HIS 50 A,GLU 96 A,HIS 137 A
1de6,LYS 236 A,HIS 270 A,ASP 302 A
1dhp,TYR 133 A,ARG 138 A,LYS 161 A
1dhr,TYR 146 A,LYS 150 A,ASN 186 A
1di1,TYR 92 A,PHE 112 A,PHE 178 A,TRP 333 A
1djl,TYR 890 A,ARG 925 A,TYR 1006 A
1dli,THR 118 A,GLU 145 A,LYS 204 A,ASN 208 A,CYS 260 A,ASP 264 A
1dnk,GLU 78 A,HIS 134 A,ASP 212 A,HIS 252 A
1dpg,ASP 177 A,HIS 240 A
1dub,ALA 98 A,GLY 141 A,GLU 144 A,GLU 164 A
1dve,HIS 25 A,TYR 58 A,THR 135 A,ARG 136 A,GLY 139 A,ASP 140 A,GLY 143 A
1dxe,HIS 50 A,ARG 75 A
1dzr,HIS 63 A,ASP 170 A
1e2a,HIS 78 A,GLN 80 A,ASP 81 A,HIS 82 A
1e2t,CYS 69 A,HIS 107 A,ASP 122 A
1e3v,TYR 16 A,TYR 32 A,ASP 40 A,TYR 57 A,ASP 103 A
1eag,ASP 32 A,SER 35 A,ASP 218 A,THR 221 A
1ebf,ASP 219 A,LYS 223 A
1ec9,LYS 205 A,LYS 207 A,ASP 313 A,HIS 339 A,ASP 366 A
1ecf,CYS 1 A,ASN 101 A,GLY 102 A
1ecl,GLU 9 A,ASP 111 A,TYR 319 A,HIS 365 A
1eed,ASP 32 P,SER 35 P,ASP 215 P,THR 218 P
1eej,CYS 98 A,TYR 100 A,CYS 101 A,ARG 125 A
1ef8,HIS 66 A,GLY 110 A,TYR 140 A
1eh5,MET 41 A,SER 115 A,GLN 116 A,ASP 233 A,HIS 289 A
1eh6,ASN 137 A,CYS 145 A,HIS 146 A,GLU 172 A
1ei5,SER 62 A,LYS 65 A,TYR 153 A,ASN 155 A,HIS 287 A
1eix,LYS 44 A,ASP 71 A,LYS 73 A,ASP 76 A
1els,GLU 168 A,GLU 211 A,HIS 373 A,LYS 396 A
1emd,ASP 150 A,HIS 177 A
1eq2,SER 116 A,TYR 140 A,LYS 144 A
1evy,LYS 210 A,THR 267 A
1exp,GLU 127 A,HIS 205 A,GLU 233 A,ASP 235 A
1eyi,ASP 68 A,ASP 74 A,GLU 98 A
1eyp,THR 48 A,TYR 106 A,ASN 113 A,THR 190 A
1f2d,LYS 51 A,SER 78 A,THR 81 A,TYR 295 A,GLU 296 A
1f7u,LYS 156 A,HIS 159 A,HIS 162 A
1f8m,HIS 180 A,CYS 191 A,ARG 228 A
1fcb,TYR 143 A,TYR 254 A,ASP 282 A,HIS 373 A,ARG 376 A
1fcq,ASP 111 A,GLU 113 A,TYR 184 A,TYR 227 A,TRP 301 A
1fdy,SER 47 A,THR 48 A,LYS 165 A
1fgh,ASP 100 A,HIS 101 A,HIS 147 A,ASP 165 A,HIS 167 A,GLU 262 A,SER 642 A
1fhl,ARG 45 A,GLU 136 A,GLU 246 A
1fnb,SER 96 A,CYS 272 A,GLU 312 A
1fob,ARG 45 A,GLU 136 A,GLU 246 A
1foh,ASP 54 A,ARG 281 A,TYR 289 A
1fr8,GLU 317 A,ASP 319 A,ARG 359 A
1fy2,GLY 88 A,SER 120 A,ALA 121 A,HIS 157 A,GLU 192 A
1g0d,CYS 272 A,HIS 332 A,ASP 355 A,TYR 515 A
1g6t,LYS 22 A,ASP 313 A,GLU 341 A,HIS 385 A,LYS 411 A
1g99,SER 10 A,ARG 91 A,ASP 148 A,GLY 212 A,ARG 241 A
1ga8,ASP 130 A,ASN 153 A,GLN 189 A
1gal,GLU 412 A,HIS 516 A,HIS 559 A
1gcb,GLN 67 A,CYS 73 A,HIS 369 A,ASN 392 A
1gcu,GLU 96 A,TYR 97 A,GLU 123 A,GLU 126 A,SER 170 A,ARG 171 A
1gdh,ARG 240 A,ASP 242 A,ASP 264 A,GLU 269 A,HIS 287 A
1geq,GLU 36 A,ASP 47 A,TYR 161 A
1gim,ASP 13 A,HIS 41 A,GLN 224 A
1glo,GLN 19 A,SER 25 A,HIS 164 A,ASN 184 A
1gog,CYS 228 A,TYR 272 A,TRP 290 A,TYR 495 A
1gox,TYR 129 A,ASP 157 A,HIS 254 A,ARG 257 A
1gpr,THR 66 A,HIS 68 A,HIS 83 A,GLY 85 A
1gq8,GLN 113 A,GLN 135 A,ASP 136 A,ASP 157 A
1grc,ASN 106 A,HIS 108 A,SER 135 A,ASP 144 A
1gz6,TYR 164 A,LYS 168 A
1h7o,ASP 131 A,SER 179 A,LYS 210 A,LYS 263 A
1hfs,GLU 202 A,MET 219 A
1hka,ARG 82 A,ARG 92 A
1hpl,PHE 77 A,LEU 153 A,ASP 176 A,HIS 263 A
1hrk,HIS 263 A,HIS 341 A,GLU 343 A
1hxq,CYS 160 A,HIS 164 A,HIS 166 A,GLN 168 A
1hy3,LYS 47 A,HIS 107 A,SER 137 A
1hzd,GLY 186 A,GLU 189 A,GLU 209 A
1hzf,CYS 991 A,GLN 994 A
1i78,ASP 83 A,ASP 85 A,ALA 99 A,ASP 210 A,HIS 212 A
1inp,LYS 37 A,THR 158 A
1iph,HIS 128 A,SER 167 A,ASN 201 A
1j49,ASP 209 A,ARG 236 A,ASP 260 A,GLU 265 A,HIS 297 A
1jdw,ASP 254 A,HIS 303 A,CYS 407 A
1jof,HIS 148 A,ARG 196 A,GLU 212 A,ARG 274 A
1k30,HIS 139 A,ASP 144 A
1kas,CYS 163 A,HIS 303 A,HIS 340 A,PHE 400 A
1kfu,GLN 99 L,CYS 105 L,HIS 262 L,ASN 286 L
1kfx,GLN 99 L,CYS 105 L,HIS 262 L,ASN 286 L,TRP 288 L
1kp2,ARG 106 A,ASP 135 A
1kra,HIS 219 C,ASP 221 C,HIS 320 C,ARG 336 C
1kzh,GLY 82 A,ARG 146 A,LYS 203 A,THR 204 A,ASP 206 A
1kzl,SER 41 A,CYS 48 A,HIS 97 A,SER 146 A,ASP 185 A
1l1l,CYS 119 A,ASN 406 A,CYS 408 A,GLU 410 A,CYS 419 A
1l6p,TYR 42 A,ASP 68 A,PHE 70 A,TYR 71 A,CYS 103 A,CYS 109 A
1l7q,TYR 44 A,ALA 117 A,TYR 118 A,TRP 166 A,ASP 259 A,HIS 287 A
1l9x,CYS 110 A,HIS 220 A
1lam,ASP 255 A,LYS 262 A,ARG 336 A
1lcb,GLU 60 A,CYS 198 A,SER 219 A,ASP 221 A,ASP 257 A,HIS 259 A
1ldm,ASP 166 A,ARG 169 A,HIS 193 A
1ljl,CYS 10 A,GLY 12 A,ASN 13 A,SER 14 A,ARG 16 A,SER 17 A,CYS 82 A,CYS 89 A,ASP 105 A
1lz1,GLU 35 A,ASP 53 A
1m53,ASP 241 A,GLU 295 A
1mbb,ARG 159 A,SER 229 A,GLU 325 A
1mek,CYS 36 A,GLY 37 A,HIS 38 A,CYS 39 A
1mka,HIS 70 A,VAL 76 A,GLY 79 A,CYS 80 A,ASP 84 A
1mla,SER 92 A,HIS 201 A,GLN 250 A
1moq,GLU 481 A,LYS 485 A,GLU 488 A,LYS 603 A
1mpp,ASP 32 A,SER 35 A,TYR 75 A,ASP 215 A
1mpx,TYR 82 A,SER 174 A,TYR 175 A,ASP 307 A,HIS 340 A
1mpy,HIS 199 A,HIS 246 A,TYR 255 A
1mrq,ASP 50 A,TYR 55 A,LYS 84 A,HIS 117 A
1muc,LYS 167 A,LYS 169 A,GLU 327 A
1myr,ARG 95 A,GLN 187 A,SER 190 A,ASN 328 A,TYR 330 A,GLU 409 A
1naa,TYR 609 A,HIS 689 A,ASN 732 A
1nba,ASP 51 A,LYS 144 A,ALA 172 A,THR 173 A,CYS 177 A
1nln,HIS 54 A,GLU 71 A,GLN 115 A,CYS 122 A
1nlu,GLU 80 A,ASP 84 A,ASP 170 A,SER 287 A
1nmw,HIS 59 A,CYS 113 A,HIS 157 A
1nu3,ARG 99 A,ASP 101 A,ASP 132 A
1nww,TYR 53 A,ASN 55 A,ARG 99 A,ASP 101 A,ASP 132 A
1nzy,PHE 64 A,HIS 90 A,GLY 114 A,TRP 137 A,ASP 145 A
1odt,ALA 181 C,GLN 182 C,ASP 269 C,HIS 298 C
1ofg,LYS 129 A,TYR 217 A
1og1,SER 147 A,GLU 159 A,ARG 184 A,GLU 189 A
1ok4,ASP 24 A,TYR 146 A,LYS 177 A
1onr,ASP 17 A,GLU 96 A,LYS 132 A
1opm,HIS 108 A,GLN 170 A,HIS 242 A
1ord,HIS 223 A,ASP 316 A,LYS 355 A
1otg,PRO 2 A,PHE 35 A,ARG 41 A
1oya,HIS 191 A,ASN 194 A,TYR 196 A
1oyg,ASP 86 A,ASP 247 A,GLU 342 A
1p4n,LYS 36 A,ASP 108 A,ARG 211 A,GLU 319 A
1p7m,TYR 16 A,GLU 38 A,TRP 46 A
1pa9,ASP 194 A,CYS 241 A,ARG 247 A,THR 248 A
1pad,CYS 25 A,HIS 159 A,ASN 175 A
1pd2,TYR 8 1,ARG 14 1,TRP 104 1
1pfq,SER 630 A,ASP 708 A,HIS 740 A
1pgs,ASP 60 A,GLU 206 A
1pii,GLU 53 A,LYS 55 A,LYS 114 A,GLU 163 A,ASN 184 A,SER 215 A
1pja,LEU 45 A,SER 111 A,GLN 112 A,ASP 228 A,HIS 283 A
1pjb,LYS 74 A,HIS 95 A,GLU 117 A,ASP 269 A
1pjh,ALA 70 A,LEU 126 A,GLU 158 A
1pkn,ARG 72 A,ARG 119 A,LYS 269 A,THR 327 A,SER 361 A,GLU 363 A
1pnl,SER 1 B,ALA 69 B,ASN 241 B
1pnt,CYS 12 A,CYS 17 A,ARG 18 A,ASP 129 A
1pow,ARG 264 A,PHE 479 A,GLU 483 A
1ps9,TYR 166 A,HIS 252 A
1ptd,HIS 32 A,ARG 69 A,HIS 82 A,ASP 274 A
1pyl,GLU 56 A,ARG 67 A,HIS 86 A
1pym,GLY 47 A,LEU 48 A,ASP 58 A,LYS 120 A
1qam,GLY 38 A,GLU 59 A,ASN 101 A
1qaz,ASN 191 A,ARG 239 A,TYR 246 A
1qba,ASP 539 A,GLU 540 A
1qfe,GLU 86 A,HIS 143 A,LYS 170 A
1qfm,SER 554 A,ASP 641 A,HIS 680 A
1qfn,ARG 8 A,GLY 10 A,TYR 13 A,LYS 18 A,TYR 72 A
1qgn,TYR 163 A,ASP 236 A,LYS 261 A
1qhf,HIS 8 A,ARG 59 A,GLU 86 A,HIS 181 A
1qho,HIS 132 A,ASP 228 A,GLU 256 A,ASP 329 A
1qk2,TYR 169 A,ARG 174 A,ASP 175 A,ASP 221 A
1qq5,ASP 8 A,THR 12 A,ARG 39 A,ASN 115 A,LYS 147 A,SER 171 A,ASN 173 A,PHE 175 A,ASP 176 A
1qrz,HIS 603 A,ASP 646 A,SER 741 A,GLY 742 A
1r4z,ILE 12 A,SER 77 A,MET 78 A,ASP 133 A,HIS 156 A
1ra2,ILE 5 A,MET 20 A,ASP 27 A,LEU 28 A,PHE 31 A,LEU 54 A,ILE 94 A
1rba,LYS 166 A,LYS 191 A,ASN 192 A,HIS 287 A,HIS 321 A
1rk2,ALA 252 A,ALA 253 A,GLY 254 A,ASP 255 A
1rne,ASP 32 A,SER 35 A,ASP 215 A
1rpt,ARG 11 A,HIS 12 A,ARG 15 A,ARG 79 A,HIS 257 A,ASP 258 A
1rpx,HIS 41 A,ASP 43 A,HIS 74 A,ASP 185 A
1rtf,HIS 57 B,ASP 102 B,GLY 193 B,SER 195 B
1rtu,HIS 41 A,GLU 62 A,HIS 101 A
1s3i,HIS 106 A,ASP 142 A
1sca,ASP 32 A,HIS 64 A,SER 221 A
1ses,ARG 256 A,GLU 258 A,SER 261 A,ASP 265 A,ARG 271 A
1smn,ARG 87 A,HIS 89 A,ASN 119 A
1snz,HIS 176 A,GLU 307 A
1stc,ASP 166 E,LYS 168 E,THR 201 E
1std,TYR 30 A,ASP 31 A,TYR 50 A,HIS 85 A,HIS 110 A
1szj,CYS 149 R,HIS 176 R
1tah,SER 87 A,ASP 263 A,HIS 285 A
1tde,CYS 135 A,CYS 138 A,ASP 139 A
1teh,HIS 47 A,THR 48 A
1thg,ALA 132 A,SER 217 A,ALA 218 A,GLU 354 A,HIS 463 A
1tph,ASN 11 2,LYS 13 2,HIS 95 2,GLU 165 2,GLY 171 2
1tyf,GLY 68 A,SER 97 A,MET 98 A,HIS 122 A,ASP 171 A
1tys,GLU 58 A,TYR 94 A,SER 146 A,ARG 166 A,ASP 169 A
1tz3,GLY 249 A,ALA 250 A,GLY 251 A,ASP 252 A
1u5u,THR 66 A,HIS 67 A,ASN 137 A,TYR 193 A
1uae,ASN 23 A,CYS 115 A,ASP 305 A,ARG 397 A
1uag,LYS 115 A,ASN 138 A,HIS 183 A
1uch,GLN 89 A,CYS 95 A,HIS 169 A,ASP 184 A
1uf7,GLU 46 A,LYS 126 A,ALA 171 A
1uk7,ALA 103 A,ASP 224 A,HIS 252 A
1un1,GLU 85 A,ASP 87 A,GLU 89 A
1uok,ASP 199 A,GLU 255 A,ASP 329 A
1v0e,GLU 581 A,ARG 596 A,ARG 647 A
1v0y,HIS 170 A,ASP 202 A,HIS 448 A,ASP 473 A
1vao,TYR 108 A,ASP 170 A,HIS 422 A,TYR 503 A,ARG 504 A
1vas,THR 2 A,ARG 22 A,GLN 23 A,ARG 26 A
1vie,LYS 32 A,GLN 67 A,ILE 68 A,TYR 69 A
1vr7,SER 55 A,SER 63 A,HIS 68 A,CYS 83 A
1vzz,TYR 16 A,ASP 40 A,LEU 103 A
1wd8,ASP 350 A,HIS 471 A,ASP 473 A,CYS 645 A
1wnw,ASN 136 A,GLY 140 A
1xqw,GLY 37 A,ALA 105 A,TYR 106 A,ASP 244 A,HIS 271 A
1xtc,ARG 7 A,SER 61 A,GLU 110 A,GLU 112 A
1xyz,GLU 645 A,HIS 723 A,GLU 754 A,ASP 756 A
1ybv,ASN 138 A,SER 164 A,TYR 178 A,LYS 182 A
1ysc,SER 146 A,ASP 338 A,HIS 397 A
1ytw,GLU 290 A,ASP 356 A,HIS 402 A,CYS 403 A,ARG 409 A,THR 410 A
1z9h,TYR 107 A,CYS 110 A,PHE 112 A,CYS 113 A
1zio,LYS 13 A,ARG 127 A,ARG 160 A,ASP 162 A,ASP 163 A,ARG 171 A
1zrz,ASP 369 A,LYS 371 A,ASN 374 A
1zym,THR 168 A,HIS 189 A
2a86,MET 40 A,HIS 44 A,HIS 47 A,LYS 160 A,SER 196 A,SER 197 A,ARG 198 A
2abk,LYS 120 A,ASP 138 A
2ace,SER 200 A,GLU 327 A,HIS 440 A
2acy,ARG 23 A,ASN 41 A
2adm,ASN 105 A,PRO 106 A,TYR 108 A
2apr,ASP 35 A,SER 38 A,ASP 218 A,THR 221 A
2ayh,GLU 105 A,ASP 107 A,GLU 109 A
2bif,ARG 255 A,ALA 256 A,ASN 262 A,ARG 305 A,GLU 325 A,HIS 390 A
2bx4,HIS 41 A,CYS 145 A
2cnd,THR 65 A,CYS 242 A,PHE 270 A
2cpo,HIS 105 A,GLU 183 A
2cpu,ASP 197 A,GLU 233 A,ASN 300 A
2dhn,GLU 22 A,LYS 100 A
2dln,GLU 15 A,SER 150 A,TYR 216 A,ARG 255 A,GLY 276 A
2ebn,ASP 130 A,GLU 132 A
2eql,GLU 35 A,ASP 53 A
2f61,GLU 235 A,GLU 340 A,CYS 342 A
2f9z,THR 21 C,CYS 27 C,HIS 44 C
2gsa,TYR 150 A,ASP 245 A,LYS 273 A
2hgs,ARG 125 A,SER 151 A,GLY 369 A,ARG 450 A
2isd,HIS 311 A,GLU 341 A,HIS 356 A
2jcw,HIS 63 A,ARG 143 A
2jxr,ASP 32 A,THR 33 A,ASP 215 A,THR 218 A
2lip,LEU 17 A,SER 87 A,GLN 88 A,ASP 264 A,HIS 286 A
2nac,ASN 146 A,ARG 284 A,GLN 313 A,HIS 332 A
2nmt,ASN 169 A,PHE 170 A,LEU 171 A,LEU 455 A
2pda,THR 31 A,GLU 64 A,ARG 114 A,ASN 996 A
2pfl,TRP 333 A,CYS 418 A,CYS 419 A,GLY 734 A
2phk,ASP 149 A,LYS 151 A
2plc,HIS 45 A,ASP 46 A,ARG 84 A,HIS 93 A,ASP 278 A
2pth,ASN 10 A,HIS 20 A,ASP 93 A
2thi,CYS 113 A,GLU 241 A
2tmd,TYR 169 A,HIS 172 A,ASP 267 A
2tps,ARG 59 A,SER 130 A,LYS 159 A
2xis,HIS 54 A,ASP 57 A,GLU 181 A,LYS 183 A
2ypn,ASP 84 A,ARG 131 A,ARG 132 A,ARG 149 A,ARG 155 A,CYS 242 A
3cla,ARG 18 A,HIS 195 A,ASP 199 A
3csm,ARG 16 A,ARG 157 A,LYS 168 A,GLU 246 A
3eca,THR 12 A,TYR 25 A,THR 89 A,ASP 90 A,LYS 162 A
3nos,CYS 184 A,ARG 187 A,TRP 356 A,GLU 361 A
3pva,CYS 1 A,TYR 82 A,ASN 175 A,ARG 228 A
5cox,GLN 203 A,HIS 207 A,TYR 385 A
5enl,GLU 168 A,GLU 211 A,LYS 345 A,HIS 373 A
5fit,GLN 83 A,HIS 94 A,HIS 96 A
5rsa,HIS 12 A,LYS 41 A,HIS 119 A
7odc,LYS 69 A,HIS 197 A,GLU 274 A
8pch,GLN 19 A,CYS 25 A,HIS 159 A
12as,ASP 46 A,ARG 100 A,GLN 116 A
1a2f,ARG 48 A,HIS 52 A,ASN 82 A
1a2f,ARG 48 A,HIS 52 A,TRP 191 A
1a9s,HIS 86 A,GLU 89 A,ASN 243 A
1afr,TRP 62 A,HIS 146 A,THR 199 A,ASP 228 A
1ah3,ASP 43 A,TYR 48 A,LYS 77 A,HIS 110 A
1aj0,ASN 22 A,ARG 63 A,ARG 255 A
1aur,LEU 23 A,SER 114 A,GLN 115 A,ASP 168 A,HIS 199 A
1avw,HIS 57 A,ASP 102 A,SER 195 A
1b0p,THR 31 A,GLU 64 A,ARG 114 A,ASN 996 A
1b73,ASP 7 A,SER 8 A,CYS 70 A,CYS 178 A
1b8a,ARG 214 A,ASP 231 A,ARG 412 A
1b8f,ALA 142 A,SER 143 A,GLY 144 A,TYR 280 A,GLU 414 A
1bd4,ARG 137 A,THR 141 A,ASP 235 A
1bg4,GLU 132 A,HIS 210 A,GLU 238 A,ASP 240 A
1brl,HIS 44 A,HIS 45 A,PHE 261 A
1bvw,TYR 174 A,ARG 179 A,ASP 180 A,ASP 226 A
1c1h,HIS 183 A,HIS 262 A,GLU 264 A
1cg0,ASP 13 A,HIS 41 A,GLN 224 A
1chd,SER 164 A,THR 165 A,HIS 190 A,MET 283 A,ASP 286 A
1cjw,SER 97 A,LEU 111 A,HIS 122 A,LEU 124 A,TYR 168 A
1cns,GLU 67 A,GLU 89 A,SER 120 A
1csc,SER 244 A,HIS 274 A,HIS 320 A,ASP 375 A
1csc,HIS 274 A,HIS 320 A,ASP 375 A
1cwy,ASP 293 A,GLU 340 A,ASP 395 A
1cy8,GLU 9 A,ASP 111 A,TYR 319 A,HIS 365 A
1d8h,ARG 393 A,GLU 433 A,LYS 456 A,ARG 458 A
1d8w,LYS 236 A,HIS 270 A,ASP 302 A
1dah,THR 11 A,LYS 15 A,LYS 37 A,SER 41 A
1dcp,HIS 62 A,HIS 63 A,HIS 80 A,ASP 89 A
1dd8,CYS 163 A,HIS 298 A,LYS 328 A,HIS 333 A,PHE 390 A,PHE 392 A
1diz,TYR 222 A,ASP 238 A,TRP 272 A
1dj9,HIS 133 A,GLU 175 A,ASP 204 A,LYS 236 A
1djl,TYR 890 A,ARG 925 A,TYR 1006 A
1djq,TYR 169 A,HIS 172 A,ASP 267 A
1e2h,GLY 59 A,GLU 83 A,ARG 163 A,ARG 222 A
1edd,ASP 124 A,ASP 260 A,HIS 289 A
1ei9,MET 41 A,SER 115 A,GLN 116 A,ASP 233 A,HIS 289 A
1f17,SER 137 A,HIS 158 A,ASN 208 A
1f3t,LYS 69 A,HIS 197 A,GLU 272 A
1f61,HIS 180 A,CYS 191 A,ARG 228 A
1fdj,ASP 1033 A,GLU 1187 A,LYS 1229 A
1foh,ASP 54 A,ARG 281 A,TYR 289 A
1ftw,LYS 568 A,ARG 569 A,LYS 574 A,THR 676 A
1fwc,HIS 219 C,ASP 221 C,HIS 320 C,ARG 336 C
1g9r,ASP 130 A,ASN 153 A,GLN 189 A
1gal,GLU 412 A,HIS 516 A,HIS 559 A
1gpf,ASP 142 A,GLU 144 A,TYR 214 A
1gpi,GLU 207 A,ASP 209 A,GLU 212 A,HIS 223 A
1gpr,THR 66 A,HIS 68 A,HIS 83 A,GLY 85 A
1gqn,GLU 86 A,HIS 143 A,LYS 170 A
1gxz,SER 147 A,GLU 159 A,ARG 184 A,GLU 189 A
1gyc,HIS 452 A,CYS 453 A,HIS 454 A
1h17,TRP 333 A,CYS 418 A,CYS 419 A,GLY 734 A
1h1y,HIS 36 A,ASP 38 A,HIS 69 A,ASP 178 A
1h7p,ASP 131 A,SER 179 A,LYS 210 A,LYS 263 A
1hbz,HIS 61 A,SER 99 A,ASN 133 A
1hdq,ARG 71 A,ARG 127 A,GLU 270 A
1hl2,SER 47 A,THR 48 A,LYS 165 A
1hmp,GLU 133 A,ASP 134 A,ASP 137 A,LYS 165 A,ARG 169 A
1hor,ASP 72 A,ASP 141 A,HIS 143 A,GLU 148 A
1iov,GLU 15 A,SER 150 A,TYR 216 A,ARG 255 A,GLY 276 A
1jep,THR 48 A,TYR 106 A,ASN 113 A,THR 190 A
1jp3,ARG 30 A,ARG 39 A,ARG 194 A,ARG 200 A
1jz7,GLU 461 A,TYR 503 A,GLU 537 A
1k7x,HIS 86 B,LYS 87 B,LYS 167 B,ASP 305 B
1k9z,ASP 49 A,THR 147 A,ASP 294 A
1kf4,HIS 12 A,LYS 41 A,HIS 119 A,PHE 120 A
1kkt,GLU 122 A,ARG 126 A,ASP 267 A,GLU 409 A
1km1,LYS 42 A,ASP 70 A,LYS 72 A,ASP 75 A
1l1n,HIS 40 A,GLU 71 A,GLY 145 A,CYS 147 A
1lam,ASP 255 A,LYS 262 A,ARG 336 A
1mas,ASP 10 A,ASN 168 A,HIS 241 A
1mbb,ARG 159 A,SER 229 A,GLU 325 A
1n1p,GLU 361 A,HIS 447 A,ASN 485 A
1n7n,ASN 349 A,HIS 399 A,TYR 408 A
1n7n,HIS 399 A,TYR 408 A,ARG 462 A
1naw,ASN 23 A,CYS 115 A,ASP 305 A,ARG 397 A
1ndz,GLU 217 A,HIS 238 A,TYR 240 A,ASP 295 A
1nhc,ASP 186 A,ASP 207 A,ASP 208 A,HIS 229 A
1nux,ASP 1068 A,ASP 1074 A,GLU 1098 A
1nwc,CYS 136 A,GLN 163 A,HIS 277 A
1nyy,SER 70 A,LYS 73 A,SER 130 A,GLU 166 A
1onr,ASP 17 A,GLU 96 A,LYS 132 A
1opm,HIS 108 A,GLN 170 A,HIS 242 A
1os1,HIS 232 A,LYS 254 A,ARG 333 A
1owp,TRP 314 A,TRP 367 A,TRP 390 A
1p7t,ASP 270 A,GLU 272 A,ARG 338 A,ASP 631 A
1pgn,GLY 130 A,LYS 183 A,ASN 187 A,GLU 190 A
1pj4,TYR 112 A,LYS 183 A,ASP 278 A
1pj5,HIS 225 A,TYR 259 A,ASP 552 A
1pnt,CYS 12 A,CYS 17 A,ARG 18 A,ASP 129 A
1pow,ARG 264 A,PHE 479 A,GLU 483 A
1pyd,ASP 28 A,HIS 114 A,HIS 115 A,GLU 477 A
1pzh,ASP 168 A,ARG 171 A,HIS 195 A
1qgy,SER 80 A,CYS 261 A,GLU 301 A
1qnt,ASN 137 A,CYS 145 A,HIS 146 A,GLU 172 A
1qtq,GLU 34 A,ARG 360 A,LYS 270 A
1raf,ARG 54 A,THR 55 A,ARG 105 A,HIS 134 A
1ryb,ASN 11 A,HIS 21 A,ASP 93 A
1s2i,TYR 11 A,ASP 75 A,ASP 95 A,GLU 101 A
1say,LYS 74 A,HIS 95 A,GLU 117 A,ASP 269 A
1sry,ARG 256 A,GLU 258 A,SER 261 A,ASP 265 A,ARG 271 A
1ucc,HIS 34 A,GLU 84 A,HIS 88 A
1uou,HIS 116 A,ARG 202 A,LYS 221 A
1vgv,ASP 95 A,GLU 117 A,GLU 131 A,HIS 213 A
1xid,HIS 54 A,ASP 57 A,GLU 181 A,LYS 183 A
1yjb,ASP 32 A,HIS 64 A,SER 221 A
1zrm,ASP 10 A,ARG 41 A,SER 118 A,ASP 180 A
2dnj,GLU 78 A,HIS 134 A,ASP 212 A,HIS 252 A
2lip,LEU 17 A,SER 87 A,GLN 88 A,ASP 264 A,HIS 286 A
2nac,ASN 146 A,ARG 284 A,GLN 313 A,HIS 332 A
2npx,HIS 10 A,SER 41 A,ARG 303 A
2tps,ARG 59 A,SER 130 A,LYS 159 A
3fit,GLN 83 A,HIS 94 A,HIS 96 A
3nse,CYS 186 A,ARG 189 A,TRP 358 A,GLU 363 A
3uag,LYS 115 A,ASN 138 A,HIS 183 A
4pfk,GLY 11 A,ARG 72 A,THR 125 A,ASP 127 A,ARG 171 A
5csm,ARG 16 A,ARG 157 A,LYS 168 A,GLU 246 A
5yas,THR 11 A,SER 80 A,ASP 207 A,HIS 235 A
6enl,GLU 168 A,GLU 211 A,HIS 373 A,LYS 396 A
12as,ASP 46 A,ARG 100 A,GLN 116 A
1a2f,ARG 48 A,HIS 52 A,ASN 82 A
1a2f,ARG 48 A,HIS 52 A,ASN 82 A
1a9t,HIS 86 A,GLU 89 A,ASN 243 A
1afr,TRP 62 A,HIS 146 A,THR 199 A,ASP 228 A
1ahy,TRP 140 A,ASP 222 A,LYS 258 A
1ajo,GLU 193 A,ASP 195 A,GLU 197 A
1ajz,ASN 22 A,ARG 63 A,ARG 255 A
1ak9,ASP 32 A,HIS 64 A,SER 221 A
1aur,LEU 23 A,SER 114 A,GLN 115 A,ASP 168 A,HIS 199 A
1b0p,THR 31 A,GLU 64 A,ARG 14 A,ASN 996 A
1b31,GLU 132 A,HIS 210 A,GLU 238 A,ASP 240 A
1b73,ASP 7 A,SER 8 A,CYS 70 A,CYS 178 A
1bgg,GLU 166 A,ASN 294 A,GLU 352 A
1bk7,HIS 34 A,GLU 84 A,HIS 88 A
1brl,HIS 4 A,HIS 45 A,PHE 261 A
1bwr,SER 47 A,GLY 74 A,ASN 104 A,ASP 192 A,HIS 195 A
1c1h,HIS 183 A,HIS 262 A,GLU 264 A
1c8v,HIS 86 B,LYS 87 B,LYS 167 B,ASP 305 B
1cf3,GLU 412 A,HIS 516 A,HIS 559 A
1cg4,ASP 13 A,HIS 41 A,GLN 224 A
1chd,SER 164 A,THR 165 A,HIS 190 A,MET 283 A,ASP 286 A
1cns,GLU 67 A,GLU 89 A,SER 120 A
1csi,SER 244 A,HIS 274 A,HIS 320 A,ASP 375 A
1cy8,GLU 9 A,ASP 111 A,TYR 319 A,HIS 365 A
1d8h,ARG 393 A,GLU 433 A,LYS 456 A,ARG 458 A
1daa,LYS 145 A,GLU 177 A,LEU 201 A
1dah,THR 11 A,LYS 15 A,LYS 37 A,SER 41 A
1dcp,HIS 62 A,HIS 63 A,HIS 80 A,ASP 89 A
1dd8,CYS 163 A,HIS 298 A,LYS 328 A,HIS 333 A,PHE 390 A,PHE 392 A
1de5,LYS 236 A,HIS 270 A,ASP 302 A
1dg9,CYS 12 A,CYS 17 A,ARG 18 A,ASP 129 A
1diz,TYR 222 A,ASP 238 A,TRP 272 A
1dj9,HIS 133 A,GLU 175 A,ASP 204 A,LYS 236 A
1djq,TYR 169 A,HIS 172 A,ASP 267 A
1djq,TYR 169 A,HIS 172 A,ASP 267 A
1dlu,CYS 89 A,HIS 348 A,CYS 378 A,GLY 380 A
1dvj,LYS 42 A,ASP 70 A,LYS 72 A,ASP 75 A
1e2m,GLY 59 A,GLU 83 A,ARG 163 A,ARG 222 A
1egv,HIS 143 A,GLU 170 A,GLN 296 A,ASP 335 A
1ei9,MET 41 A,SER 115 A,GLN 116 A,ASP 233 A,HIS 289 A
1ezr,ASP 10 A,ASN 168 A,HIS 240 A
1f17,SER 137 A,HIS 158 A,ASN 208 A
1f61,HIS 180 A,CYS 191 A,ARG 228 A
1f6d,ASP 95 A,GLU 117 A,GLU 131 A,HIS 213 A
1fm7,THR 48 A,TYR 106 A,ASN 113 A,THR 190 A
1foh,ASP 54 A,ARG 281 A,TYR 289 A
1fp8,ASP 293 A,GLU 340 A,ASP 395 A
1frz,ASP 72 A,ASP 141 A,HIS 143 A,GLU 148 A
1ftq,LYS 568 A,ARG 569 A,LYS 574 A,THR 676 A
1fwa,HIS 219 C,ASP 221 C,HIS 320 C,ARG 336 C
1ga8,ASP 130 A,ASN 153 A,GLN 189 A
1ghr,GLU 232 A,GLU 280 A,LYS 283 A,GLU 288 A
1gk2,ALA 142 A,SER 143 A,GLY 144 A,TYR 280 A,GLU 414 A
1gpi,GLU 207 A,ASP 209 A,GLU 212 A,HIS 223 A
1h16,TRP 333 A,CYS 418 A,CYS 419 A,GLY 734 A
1h1y,HIS 36 A,ASP 38 A,HIS 69 A,ASP 178 A
1h7n,ASP 131 A,SER 179 A,LYS 210 A,LYS 263 A
1i2r,ASP 17 A,GLU 96 A,LYS 132 A
1iov,GLU 15 A,SER 150 A,TYR 216 A,ARG 255 A,GLY 276 A
1j96,ASP 50 A,TYR 55 A,LYS 84 A,HIS 117 A
1jz6,GLU 461 A,TYR 503 A,GLU 537 A
1k9z,ASP 49 A,THR 147 A,ASP 294 A
1kdn,LYS 19 A,ASN 119 A
1kf5,HIS 12 A,LYS 41 A,HIS 119 A,PHE 120 A
1kfw,ASP 190 A,GLU 192 A,TYR 271 A
1kkt,GLU 122 A,ARG 126 A,ASP 267 A,GLU 409 A
1kuv,SER 97 A,LEU 111 A,HIS 122 A,LEU 124 A,TYR 168 A
1l1n,HIS 40 A,GLU 71 A,GLY 145 A,CYS 147 A
1lcp,ASP 255 A,LYS 262 A,ARG 336 A
1mbb,ARG 159 A,SER 229 A,GLU 325 A
1mqf,HIS 54 A,SER 93 A,ASN 127 A
1n7n,ASN 349 A,HIS 399 A,TYR 408 A
1n7n,HIS 399 A,TYR 408 A,ARG 462 A
1naw,ASN 23 A,CYS 115 A,ASP 305 A,ARG 397 A
1ndw,GLU 217 A,HIS 238 A,TYR 240 A,ASP 295 A
1nhc,ASP 186 A,ASP 207 A,ASP 208 A,HIS 229 A
1njs,ASN 106 A,HIS 108 A,THR 135 A,ASP 144 A
1nkh,GLU 317 B,ASP 319 B,ARG 359 B
1nv2,ASP 1068 A,ASP 1074 A,GLU 1098 A
1nwc,CYS 136 A,GLN 163 A,HIS 277 A
1oc6,TYR 174 A,ARG 179 A,ASP 180 A,ASP 226 A
1od1,ASP 35 A,THR 36 A,ASP 219 A,THR 222 A
1opm,HIS 108 A,GLN 170 A,HIS 242 A
1os1,HIS 232 A,LYS 254 A,ARG 333 A
1p7t,ASP 270 A,GLU 272 A,ARG 338 A,ASP 631 A
1pfk,GLY 11 A,ARG 72 A,THR 125 A,ASP 127 A,ARG 171 A
1pgp,GLY 130 A,LYS 183 A,ASN 187 A,GLU 190 A
1pj3,TYR 112 A,LYS 183 A,ASP 278 A
1pj5,HIS 225 A,TYR 259 A,ASP 552 A
1pjb,LYS 74 A,HIS 95 A,GLU 117 A,ASP 269 A
1pno,TYR 316 A,ARG 351 A,TYR 432 A
1pow,ARG 264 A,PHE 479 A,GLU 483 A
1pyd,ASP 28 A,HIS 114 A,HIS 115 A,GLU 477 A
1pzp,SER 70 A,LYS 73 A,SER 130 A,GLU 166 A
1q2o,CYS 186 A,ARG 189 A,TRP 358 A,GLU 363 A
1qfe,GLU 86 A,HIS 143 A,LYS 170 A
1ql0,ARG 87 A,HIS 89 A,ASN 119 A
1qnf,TRP 314 A,TRP 367 A,TRP 390 A
1qnt,ASN 137 A,CYS 145 A,HIS 146 A,GLU 172 A
1qq5,ASP 8 A,THR 12 A,ARG 39 A,ASN 115 A,LYS 147 A,SER 171 A,ASN 173 A,PHE 175 A,ASP 176 A
1qtq,GLU 34 A,ARG 260 A,LYS 270 A
1que,SER 80 A,CYS 261 A,GLU 301 A
1rab,ARG 54 A,THR 55 A,ARG 105 A,HIS 134 A
1s2i,TYR 11 A,ASP 75 A,ASP 95 A,GLU 101 A
1sry,ARG 256 A,GLU 258 A,SER 261 A,ASP 265 A,ARG 271 A
1ueh,ARG 30 A,ARG 39 A,ARG 194 A,ARG 200 A
1uou,HIS 116 A,ARG 202 A,LYS 221 A
1xic,HIS 54 A,ASP 57 A,GLU 181 A,LYS 183 A
2ald,ASP 33 A,GLU 187 A,LYS 229 A
2ctb,ARG 71 A,ARG 127 A,GLU 270 A
2dnj,GLU 78 A,HIS 134 A,ASP 212 A,HIS 252 A
2f3g,THR 73 A,HIS 75 A,HIS 90 A,GLY 92 A
2had,ASP 124 A,ASP 260 A,HIS 289 A
2nac,ASN 146 A,ARG 284 A,GLN 313 A,HIS 332 A
2npx,HIS 10 A,SER 42 A,ARG 303 A
2pth,ASN 10 A,HIS 20 A,ASP 93 A
2tps,ARG 59 A,SER 130 A,LYS 159 A
2uag,LYS 115 A,ASN 138 A,HIS 183 A
3cox,GLU 361 A,HIS 447 A,ASN 485 A
3fit,GLN 83 A,HIS 94 A,HIS 96 A
3lip,SER 87 A,ASP 264 A,HIS 286 A
4hoh,HIS 50 A,GLU 58 A,HIS 92 A
5csm,ARG 16 A,ARG 157 A,LYS 168 A,GLU 246 A
5mdh,ASP 158 A,ASN 185 A
5yas,THR 11 A,SER 80 A,ASP 207 A,HIS 235 A
6enl,GLU 168 A,GLU 211 A,HIS 373 A,LYS 396 A
13pk,ARG 39 A,LYS 219 A,GLY 376 A,GLY 399 A,MG 422 A
1ah7,ASP 55 A,ZN 246 A,ZN 247 A,ZN 248 A
1alk,SER 102 A,ARG 166 A,ZN 450 A,ZN 451 A,MG 452 A
1aq2,HIS 232 A,LYS 254 A,ARG 333 A,MN 543 A,MG 544 A
1b57,ASP 109 A,GLU 182 A,ASN 286 A,ZN 360 A,NA 364 A
1bg0,ARG 126 A,GLU 225 A,ARG 229 A,ARG 280 A,ARG 309 A,MG 402 A
1bzy,TYR 104 A,GLU 133 A,ASP 134 A,ASP 137 A,ARG 169 A,MG 900 A,MG 901 A
1c9u,HIS 144 A,ASP 163 A,CA 1003 A
1ca2,HIS 64 A,GLU 106 A,THR 199 A,ZN 262 A
1ck7,ALA 404 A,ZN 990 A
1ctt,GLU 104 A,CYS 132 A,ZN 296 A
1d8c,ASP 270 A,GLU 272 A,ARG 338 A,ASP 631 A,MG 3001 A
1dl2,GLU 132 A,ARG 136 A,ASP 275 A,GLU 435 A,CA 901 A
1do6,GLU 14 A,LYS 15 A,FE 200 A
1do8,TYR 112 A,LYS 183 A,ASP 278 A,MN 604 A
1dqs,HIS 275 A,ZN 402 A
1e1a,GLU 37 A,HIS 287 A,CA 401 A
1ez1,SER 160 A,GLY 162 A,ASP 286 A,THR 287 A,ARG 362 A,MG 401 A
1ez2,ASP 233 A,HIS 254 A,ASP 301 A,ZN 401 A,ZN 402 A
1f7l,LYS 62 A,HIS 105 A,CA 130 A
1fa0,LYS 215 A,MN 600 A,MN 601 A
1fcb,TYR 254 A,ASP 282 A,HIS 373 A,HEM 560 A
1fft,MET 79 A,ASN 124 A,ASP 135 A,THR 211 A,SER 299 A,LYS 362 A,HIS 419 A,PHE 420 A,HEM 1001 A,CU 1003 A
1fr2,ARG 5 B,GLU 100 B,HIS 102 B,HIS 103 B,ZN 301 B
1fsg,MG 301 A,MG 302 A
1fua,GLU 73 A,ZN 216 A
1fui,GLU 337 A,ASP 361 A,MN 592 A
1g4p,ALA 130 A,MG 2003 A
1g72,GLU 171 A,ASP 297 A,CA 702 A
1ge7,GLU 118 A,TYR 133 A,ZN 200 A
1gim,ASP 13 A,LYS 16 A,HIS 41 A,GLN 224 A,MG 435 A
1gog,CYS 228 A,TYR 272 A,TRP 290 A,TYR 495 A,CU 700 A
1goj,GLY 238 A,MG 401 A
1gp5,LYS 213 A,FE 390 A
1gqg,GLU 73 A,CU 1352 A
1gsa,LYS 160 A,ARG 210 A,ARG 225 A,MG 319 A,MG 320 A
1gt7,GLU 117 A,GLU 171 A,ZN 275 A
1hdh,ARG 55 A,LYS 113 A,HIS 115 A,HIS 211 A,ASP 317 A,LYS 375 A,CA 1528 A
1hfe,CYS 178 L,LYS 237 L,SF4 422 L,SF4 423 L,SF4 424 L,FE2 426 L,FE2 427 L
1ir3,MG 301 A,MG 302 A,ASP 1132 A,ARG 1136 A
1it4,HIS 64 A,ASP 85 A,CA 200 A
1itq,HIS 152 A,ASP 288 A,ZN 401 A,ZN 402 A
1j09,LYS 246 A,MG 502 A
1jms,ASP 434 A,MG 701 A
1kcz,HIS 194 A,LYS 331 A,MG 901 A
1ksj,GLN 70 A,MG 205 A
1kws,GLU 281 A,MN 500 A
1l7n,ASP 11 A,PHE 12 A,ASP 13 A,GLY 100 A,LYS 144 A,ASP 171 A,MG 221 A
1lws,LYS 301 A,LYS 403 A,CA 501 A,CA 502 A
1mpy,HIS 199 A,HIS 246 A,TYR 255 A,FE2 308 A
1mqw,ARG 64 A,GLU 142 A,MN 401 A,MN 402 A,MN 403 A
1muc,LYS 167 A,LYS 169 A,GLU 327 A,MN 374 A
1n20,TRP 323 A,PHE 578 A,MG 701 A,MG 702 A,MG 703 A
1n29,GLY 29 A,HIS 47 A,ASP 91 A,CA 125 A
1nml,GLU 114 A,HEM 401 A,HEM 402 A
1o8a,HIS 353 A,ALA 354 A,GLU 384 A,HIS 513 A,TYR 523 A,ZN 701 A
1o98,SER 62 A,ASP 154 A,ARG 261 A,MN 601 A,MN 701 A
1pow,ARG 264 A,PHE 479 A,GLU 483 A,MG 610 A
1pvd,ASP 28 A,HIS 114 A,HIS 115 A,GLU 477 A,MG 558 A
1pym,GLY 47 A,LEU 48 A,ASP 58 A,LYS 120 A,MG 1003 A
1qh5,ASP 58 A,ZN 261 A,ZN 262 A
1qlh,SER 48 A,HIS 51 A,ZN 375 A,ZN 376 A
1qum,GLU 261 A,ZN 301 A,ZN 302 A,ZN 303 A
1r1j,GLU 584 A,ASP 650 A,HIS 711 A,ARG 717 A,ZN 1001 A
1r30,CYS 53 A,CYS 57 A,CYS 60 A,ARG 260 A,FES 402 A
1r44,ARG 71 A,GLU 181 A,ZN 203 A
1ra0,GLN 156 A,GLU 217 A,FE 500 A
1rdd,HIS 124 A,MG 300 A
1ru4,CA 1 A,ASN 268 A,LYS 273 A
1sml,TYR 191 A,ZN 270 A,ZN 271 A
1sox,ARG 138 A,TYR 322 A,HEM 502 A,MO 505 A
1ti6,HIS 144 A,ASP 174 A,TYR 404 A,4MO 903 A
1trk,HIS 30 A,HIS 263 A,CA 681 A
1uaq,GLU 64 A,SER 89 A,CYS 91 A,ZN 200 A
1uw8,ARG 92 A,GLU 162 A,MN 1383 A,MN 1384 A
1v04,HIS 115 A,HIS 134 A,CA 1357 A
1v25,LYS 439 A,TRP 444 A,MG 1001 A
1vzx,TYR 314 A,GLU 317 A,ARG 365 A,MN 1371 A
1w0h,GLU 136 A,HIS 293 A,MG 1001 A
1w2n,ARG 74 A,FE 312 A
1xa8,CYS 56 A,ZN 200 A
1xrs,LYS 144 B,B12 800 B
1zio,LYS 13 A,ARG 127 A,ARG 160 A,ASP 162 A,ASP 163 A,ARG 171 A,MG 220 A
2ag0,HIS 29 A,GLU 50 A,GLN 113 A,MG 601 A
2b3i,HIS 85 A,CU1 110 A
2cpo,HIS 105 A,GLU 183 A,HEM 396 A
2phk,ASP 149 A,LYS 151 A,MN 382 A,MN 383 A
5cox,GLN 203 A,HIS 207 A,TYR 385 A,HEM 682 A
5eat,ARG 264 A,TRP 273 A,THR 401 A,THR 402 A,ARG 441 A,ASP 525 A,TYR 527 A,MG 851 A,MG 852 A,MG 853 A
7atj,ARG 38 A,HIS 42 A,ASN 70 A,HEM 350 A,CA 501 A,CA 502 A
1ah3,ASP 43 A,TYR 48 A,LYS 77 A,HIS 110 A
1b8f,ALA 142 A,SER 143 A,GLY 144 A,TYR 280 A,GLU 414 A
1cjw,SER 97 A,LEU 111 A,HIS 122 A,LEU 124 A,TYR 168 A
1csc,HIS 274 A,HIS 320 A,ASP 375 A
1edd,ASP 124 A,ASP 260 A,HIS 289 A
1g9r,ASP 130 A,ASN 153 A,GLN 189 A
1hdq,ARG 71 A,ARG 127 A,GLU 270 A
1jz7,GLU 461 A,TYR 503 A,GLU 537 A
1nyy,SER 70 A,LYS 73 A,SER 130 A,GLU 166 A
1qgy,SER 80 A,CYS 261 A,GLU 301 A
4pfk,GLY 11 A,ARG 72 A,THR 125 A,ASP 127 A,ARG 171 A
1csi,HIS 274 A,HIS 320 A,ASP 375 A
1ga8,ASP 130 A,ASN 153 A,GLN 189 A
1gk2,ALA 142 A,SER 143 A,GLY 144 A,TYR 280 A,GLU 414 A
1j96,ASP 50 A,TYR 55 A,LYS 84 A,HIS 117 A
1jz6,GLU 461 A,TYR 503 A,GLU 537 A
1kuv,SER 97 A,LEU 111 A,HIS 122 A,LEU 124 A,TYR 168 A
1pfk,GLY 11 A,ARG 72 A,THR 125 A,ASP 127 A,ARG 171 A
1pzp,SER 70 A,LYS 73 A,SER 130 A,GLU 166 A
1que,SER 80 A,CYS 261 A,GLU 301 A
1rab,ARG 54 A,THR 55 A,ARG 105 A,HIS 134 A
2ctb,ARG 71 A,ARG 127 A,GLU 270 A
2had,ASP 124 A,ASP 260 A,HIS 289 A
12as,ASP 46 A,ARG 100 A,GLN 116 A
1a2f,ARG 48 A,HIS 52 A,ASN 82 A
1a30,ASP 25 A,THR 26 A
1a9t,HIS 86 A,GLU 89 A,ASN 243 A
1afr,TRP 62 A,HIS 146 A,THR 199 A,ASP 228 A
1ahy,TRP 140 A,ASP 222 A
1ajo,GLU 193 A,ASP 195 A,GLU 197 A
1ajz,ASN 22 A,ARG 63 A,ARG 255 A
1ak9,ASP 32 A,HIS 64 A,SER 221 A
1ako,ASN 7 A,ASP 151 A,ASN 153 A,ASP 229 A,HIS 259 A
1aug,GLU 81 A,ARG 91 A,CYS 144 A,HIS 168 A
1aur,LEU 23 A,SER 114 A,GLN 115 A,ASP 168 A,HIS 199 A
1aw5,ASP 131 A,SER 179 A,LYS 210 A,LYS 263 A
1b0p,THR 31 A,GLU 64 A,ARG 114 A,ASN 996 A
1b31,GLU 132 A,HIS 210 A,GLU 238 A,ASP 240 A
1b3r,HIS 54 A,ASP 130 A,LYS 185 A,ASP 189 A,ASN 190 A,CYS 194 A,HIS 300 A
1b73,ASP 7 A,SER 8 A,CYS 70 A,CYS 178 A
1bgg,GLU 166 A,ASN 294 A,GLU 352 A
1bk7,HIS 34 A,GLU 84 A,HIS 88 A
1brl,HIS 44 A,HIS 45 A,PHE 261 A
1bwr,SER 47 A,GLY 74 A,ASN 104 A,ASP 192 A,HIS 195 A
1c1h,HIS 183 A,HIS 262 A,GLU 264 A
1c8v,HIS 86 B,LYS 87 B,LYS 167 B,ASP 305 B
1cf3,GLU 412 A,HIS 516 A,HIS 559 A
1cg4,ASP 13 A,HIS 41 A,GLN 224 A
1chd,SER 164 A,THR 165 A,HIS 190 A,MET 283 A,ASP 286 A
1cns,GLU 67 A,GLU 89 A,SER 120 A
1csi,HIS 274 A,HIS 320 A,ASP 375 A
1cy8,GLU 9 A,ASP 111 A,TYR 319 A,HIS 365 A
1d8h,ARG 393 A,GLU 433 A,LYS 456 A,ARG 458 A
1daa,LYS 145 A,GLU 177 A,LEU 201 A
1dah,THR 11 A,LYS 15 A,LYS 37 A,SER 41 A
1dbr,GLU 146 A,ASP 147 A,ASP 150 A,LYS 178 A
1dcp,HIS 62 A,HIS 63 A,HIS 80 A,ASP 89 A
1dd8,CYS 163 A,HIS 298 A,LYS 328 A,HIS 333 A,PHE 390 A,PHE 392 A
1de5,LYS 236 A,HIS 270 A,ASP 302 A
1dg9,CYS 12 A,CYS 17 A,ARG 18 A,ASP 129 A
1diz,TYR 222 A,ASP 238 A,TRP 272 A
1dj9,HIS 133 A,GLU 175 A,ASP 204 A,LYS 236 A
1djq,TYR 169 A,HIS 172 A,ASP 267 A
1dlu,CYS 89 A,HIS 348 A,CYS 378 A,GLY 380 A
1dvj,ASP 70 A,LYS 72 A
1e2m,GLY 59 A,GLU 83 A,ARG 163 A,ARG 222 A
1ecg,CYS 1 A,ASN 101 A,GLY 102 A
1egv,HIS 143 A,GLU 170 A,GLN 296 A,ASP 335 A
1ei9,MET 41 A,SER 115 A,GLN 116 A,ASP 233 A,HIS 289 A
1ez2,ASP 233 A,HIS 254 A,ASP 301 A
1ezr,ASP 10 A,ASN 168 A,HIS 240 A
1f17,SER 137 A,HIS 158 A,ASN 208 A
1f61,HIS 180 A,CYS 191 A,ARG 228 A
1f6d,ASP 95 A,GLU 117 A,GLU 131 A,HIS 213 A
1fm7,THR 48 A,TYR 106 A,ASN 113 A,THR 190 A
1foh,ASP 54 A,ARG 281 A,TYR 289 A
1fp8,ASP 293 A,GLU 340 A,ASP 395 A
1frz,ASP 72 A,ASP 141 A,HIS 143 A,GLU 148 A
1ftq,LYS 568 A,ARG 569 A,LYS 574 A,THR 676 A
1fva,CYS 72 A,TYR 103 A,GLU 115 A,TYR 155 A,CYS 218 A
1fwa,HIS 219 C,ASP 221 C,HIS 320 C,ARG 336 C
1g99,SER 10 A,ARG 91 A,ASP 148 A,GLY 212 A,ARG 241 A
1ga8,ASP 130 A,ASN 153 A,GLN 189 A
1ghr,GLU 232 A,GLU 280 A,LYS 283 A,GLU 288 A
1gk2,SER 143 A,GLY 144 A,TYR 280 A,GLU 414 A
1gpi,GLU 207 A,ASP 209 A,GLU 212 A,HIS 223 A
1gpk,SER 200 A,GLU 327 A,HIS 440 A
1gy0,SER 147 A,GLU 159 A,ARG 184 A,GLU 189 A
1h16,TRP 333 A,CYS 418 A,CYS 419 A,GLY 734 A
1h1y,HIS 36 A,ASP 38 A,HIS 69 A,ASP 178 A
1h2x,SER 554 A,ASP 641 A,HIS 680 A
1hl2,TYR 137 A,ARG 142 A,LYS 165 A
1i1e,GLU 267 A,ARG 369 A,TYR 372 A
1i2r,ASP 17 A,GLU 96 A,LYS 132 A
1iov,GLU 15 A,SER 150 A,TYR 216 A,ARG 255 A,GLY 276 A
1j96,ASP 50 A,TYR 55 A,LYS 84 A,HIS 117 A
1jf9,HIS 124 A,ASP 200 A,LYS 226 A
1jz6,GLU 461 A,TYR 503 A,GLU 537 A
1k9z,ASP 49 A,THR 147 A,ASP 294 A
1kcw,HIS 1020 A,CYS 1021 A,HIS 1022 A
1kdn,LYS 16 A,ASN 119 A
1kfw,ASP 190 A,GLU 192 A,TYR 271 A
1kkt,GLU 122 A,ARG 126 A,ASP 267 A,GLU 409 A
1ko0,LYS 54 A,HIS 191 A,GLU 268 A
1kuv,SER 97 A,LEU 111 A,HIS 122 A,LEU 124 A,TYR 168 A
1kwb,HIS 194 B,HIS 240 B,TYR 249 B
1l1n,HIS 40 A,GLU 71 A,GLY 145 A,CYS 147 A
1lcp,ASP 255 A,LYS 262 A,ARG 336 A
1lt3,ARG 7 A,SER 61 A,GLU 110 A,GLU 112 A
1mbb,ARG 159 A,SER 229 A,GLU 325 A
1mqf,HIS 54 A,SER 93 A,ASN 127 A
1n68,HIS 499 A,CYS 500 A,HIS 501 A
1n7n,ASN 349 A,HIS 399 A,TYR 408 A
1n7n,HIS 399 A,TYR 408 A,ARG 462 A
1n8p,TYR 103 A,ASP 178 A,LYS 203 A
1naw,ASN 23 A,CYS 115 A,ASP 305 A,ARG 397 A
1ndw,GLU 217 A,HIS 238 A,TYR 240 A,ASP 295 A
1nhc,ASP 186 A,ASP 207 A,ASP 208 A,HIS 229 A
1njs,ASN 106 A,HIS 108 A,THR 135 A,ASP 144 A
1nkh,GLU 317 B,ASP 319 B,ARG 359 B
1npx,HIS 10 A,SER 41 A,ARG 303 A
1nv2,ASP 1068 A,ASP 1074 A,GLU 1098 A
1nwc,CYS 136 A,GLN 163 A,HIS 277 A
1o2u,HIS 57 A,ASP 102 A
1oc6,TYR 174 A,ARG 179 A,ASP 180 A,ASP 226 A
1od1,ASP 35 A,SER 38 A,ASP 219 A,THR 222 A
1opm,HIS 108 A,GLN 170 A,HIS 242 A
1orv,SER 630 A,ASP 708 A,HIS 740 A
1os1,HIS 232 A,LYS 254 A,ARG 333 A
1oyc,HIS 191 A,ASN 194 A,TYR 196 A
1p7t,ASP 270 A,GLU 272 A,ARG 338 A,ASP 631 A
1pfk,GLY 11 A,ARG 72 A,THR 125 A,ASP 127 A,ARG 171 A
1pgp,GLY 130 A,LYS 183 A,ASN 187 A,GLU 190 A
1pj3,TYR 112 A,LYS 183 A,ASP 278 A
1pjb,LYS 74 A,HIS 95 A,GLU 117 A,ASP 269 A
1pno,TYR 316 A,ARG 351 A,TYR 432 A
1pow,ARG 264 A,PHE 479 A,GLU 483 A
1pyd,ASP 28 A,HIS 114 A,HIS 115 A,GLU 477 A
1pzp,SER 70 A,LYS 73 A,SER 130 A,GLU 166 A
1q2o,CYS 186 A,ARG 189 A,TRP 358 A,GLU 363 A
1qfe,GLU 86 A,HIS 143 A,LYS 170 A
1qj5,TYR 144 A,ASP 245 A,LYS 274 A
1ql0,ARG 87 A,HIS 89 A,ASN 119 A
1qnf,TRP 314 A,TRP 367 A,TRP 390 A
1qnt,ASN 137 A,CYS 145 A,HIS 146 A,GLU 172 A
1qq5,ASP 8 A,ARG 39 A,SER 114 A,ASP 176 A
1qtq,GLU 34 A,ARG 260 A,LYS 270 A
1que,SER 80 A,CYS 261 A,GLU 301 A
1rab,ARG 54 A,THR 55 A,ARG 105 A,HIS 134 A
1s2i,TYR 11 A,ASP 75 A,ASP 95 A,GLU 101 A
1sry,ARG 256 A,GLU 258 A,SER 261 A,ASP 265 A,ARG 271 A
1ueh,ARG 30 A,ARG 39 A,ARG 194 A,ARG 200 A
1uou,HIS 116 A,ARG 202 A,LYS 221 A
1upu,ARG 137 D,THR 141 D,ASP 235 D
1vas,THR 2 A,ARG 22 A,GLN 23 A,ARG 26 A
1xic,LYS 183 A,HIS 220 A,ASP 255 A
2ald,ASP 33 A,GLU 187 A,LYS 229 A
2dnj,GLU 78 A,HIS 134 A,ASP 212 A,HIS 252 A
2f3g,THR 73 A,HIS 75 A,HIS 90 A,GLY 92 A
2had,ASP 124 A,ASP 260 A,HIS 289 A
2nac,ASN 146 A,ARG 284 A,GLN 313 A,HIS 332 A
2pth,ASN 10 A,HIS 20 A,ASP 93 A
2tps,ARG 59 A,SER 130 A,LYS 159 A
2uag,LYS 115 A,ASN 138 A,HIS 183 A
3cox,GLU 361 A,HIS 447 A,ASN 485 A
3csm,ARG 16 A,ARG 157 A,LYS 168 A,GLU 246 A
3fit,GLN 83 A,HIS 94 A,HIS 96 A
3lip,SER 87 A,ASP 264 A,HIS 286 A
4hoh,HIS 40 A,GLU 58 A,HIS 92 A
5csm,ARG 16 A,ARG 157 A,LYS 168 A,GLU 246 A
5mdh,ASP 158 A,ARG 161 A,HIS 186 A
5rsa,HIS 12 A,LYS 41 A,HIS 119 A
5yas,THR 11 A,SER 80 A,ASP 207 A,HIS 235 A
6enl,GLU 168 A,GLU 211 A,HIS 373 A,LYS 396 A
1bmt,COB 122 A,ASP 757 A,HIS 759 A,SER 810 A
1fwj,NI 574 C,NI 575 C
1hxq,ZN 350 A,FE 351 A
1nfs,MN 201 A,MG 401 A
1nia,CU 501 A,CU 502 A
1req,TYR 89 A,HIS 244 A,LYS 604 A,ASP 608 A,HIS 610 A,B12 800 A
1vlb,GLU 869 A,FES 908 A,FES 909 A
1xld,MN 398 A,MN 399 A
1yq4,SF4 1003 B,F3S 1004 B
2c3m,SF4 2233 A,SF4 2234 A,SF4 2235 A,MG 2238 A
